{"mgen_mut1col4": {"sample_name": "mgen_mut1col4", "plot": "{\"sseqid\":{\"0\":\"AmpR_promoter_(4)\",\"1\":\"ori\",\"2\":\"MCS_(8)\",\"3\":\"lac_promoter\",\"4\":\"bla(M)\",\"5\":\"CAP_binding_site\",\"6\":\"3\",\"7\":\"lac_operator_(2)\",\"8\":\"lacZ_alpha\",\"9\":\"bom\",\"10\":\"AmpR_(2)\",\"11\":\"7\",\"12\":\"RSF_ori\",\"13\":\"Q3BAI2\",\"14\":\"T5_promoter\",\"15\":\"lacI\",\"16\":\"rop\",\"17\":\"Q02940\"},\"qstart\":{\"0\":1362,\"1\":2314,\"2\":362,\"3\":271,\"4\":1662,\"5\":235,\"6\":-1,\"7\":309,\"8\":868,\"9\":1031,\"10\":1467,\"11\":2353,\"12\":0,\"13\":547,\"14\":309,\"15\":130,\"16\":1232,\"17\":221},\"qend\":{\"0\":1467,\"1\":2902,\"2\":419,\"3\":302,\"4\":2143,\"5\":257,\"6\":957,\"7\":326,\"8\":1026,\"9\":1131,\"10\":1667,\"11\":2458,\"12\":129,\"13\":802,\"14\":328,\"15\":223,\"16\":1268,\"17\":317},\"sstart\":{\"0\":1,\"1\":1,\"2\":57,\"3\":1,\"4\":313,\"5\":1,\"6\":1424,\"7\":1,\"8\":17,\"9\":141,\"10\":1,\"11\":1,\"12\":622,\"13\":6,\"14\":21,\"15\":991,\"16\":192,\"17\":194},\"send\":{\"0\":105,\"1\":589,\"2\":1,\"3\":31,\"4\":794,\"5\":22,\"6\":2241,\"7\":17,\"8\":174,\"9\":42,\"10\":200,\"11\":102,\"12\":750,\"13\":90,\"14\":39,\"15\":1083,\"16\":157,\"17\":225},\"sframe\":{\"0\":1,\"1\":1,\"2\":-1,\"3\":1,\"4\":1,\"5\":1,\"6\":-1,\"7\":1,\"8\":1,\"9\":-1,\"10\":1,\"11\":-1,\"12\":1,\"13\":1,\"14\":1,\"15\":1,\"16\":-1,\"17\":1},\"score\":{\"0\":1050.0,\"1\":586.9974,\"2\":570.0,\"3\":310.0,\"4\":290.4137669434,\"5\":220.0,\"6\":198.5097799511,\"7\":170.0,\"8\":143.4712643678,\"9\":70.9219858156,\"10\":46.4576074332,\"11\":25.4779411765,\"12\":21.15603612,\"13\":9.0064388736,\"14\":8.0222222222,\"15\":7.9861495845,\"16\":6.75,\"17\":1.6881277955},\"evalue\":{\"0\":8.45e-54,\"1\":0.0,\"2\":3.72e-25,\"3\":0.0000000012,\"4\":0.0,\"5\":0.000287,\"6\":0.0,\"7\":0.28,\"8\":1.99e-85,\"9\":8.14e-51,\"10\":1.72e-110,\"11\":0.0,\"12\":8.45e-54,\"13\":1.08e-29,\"14\":0.018,\"15\":1.22e-46,\"16\":0.0,\"17\":0.0000255},\"qseq\":{\"0\":\"CGCGGAACCCCTATTTGTTTATTTTTCTAAATACATTCAAATATGTATCCGCTCATGAGACAATAACCCTGATAAATGCTTCAATAATATTGAAAAAGGAAGAGT\",\"1\":\"TTGAGATCCTTTTTTTCTGCGCGTAATCTGCTGCTTGCAAACAAAAAAACCACCGCTACCAGCGGTGGTTTGTTTGCCGGATCAAGAGCTACCAACTCTTTTTCCGAAGGTAACTGGCTTCAGCAGAGCGCAGATACCAAATACTGTTCTTCTAGTGTAGCCGTAGTTAGGCCACCACTTCAAGAACTCTGTAGCACCGCCTACATACCTCGCTCTGCTAATCCTGTTACCAGTGGCTGCTGCCAGTGGCGATAAGTCGTGTCTTACCGGGTTGGACTCAAGACGATAGTTACCGGATAAGGCGCAGCGGTCGGGCTGAACGGGGGGTTCGTGCACACAGCCCAGCTTGGAGCGAACGACCTACACCGAACTGAGATACCTACAGCGTGAGCTATGAGAAAGCGCCACGCTTCCCGAAGGGAGAAAGGCGGACAGGTATCCGGTAAGCGGCAGGGTCGGAACAGGAGAGCGCACGAGGGAGCTTCCA-GGGGAAACGCCTGGTATCTTTATAGTCCTGTCGGGTTTCGCCACCTCTGACTTGAGCGTCGATTTTTGTGATGCTCGTCAGGGGGGCGGAGCCTATGGAAA\",\"2\":\"GAATTCGAGCTCGGTACCCGGGGATCCTCTAGAGTCGACCTGCAGGCATGCAAGCTT\",\"3\":\"TTTACACTTTATGCTTCCGGCTCGTATGTTG\",\"4\":\"ATGATTGATAACACTGCGGCCAACTTACTTCTGACAACGATCGGAGGACCGAAGGAGCTAACCGCTTTTTTGCACAACATGGGG-ATCATGTAACTCGCCTTGATCGTTGGGAACCGGAGCTGAATGAAGCCATACCAAACGACGAGCGTGACACCACGATGCCTGTAGCAATGGCAACAACGTTGCGCAAACTATTAACTGGCGAACTACTTACTCTAGCTTCCCGGCAACAATTAATAGACTGGATGGAGGCGGATAAAGTTGCAGGACCACTTCTGCGCTCGGCCCTTCCGGCTGGCTGGTTTATTGCTGATAAATCTGGAGCCGGTGAGCGTGGGTCTCGCGGTATCATTGCAGCACTGGGGCCAGATGGTAAGCCCTCCCGTATCGTAGTTATCTACACGACGGGGAGTCAGGCAACTATGGATGAACGAAATAGACAAATCGCTGAGATAGGTGCCTCACTGATTAAGCATTGGTA\",\"5\":\"TAATGTGAGTTAGCTCACTCAT\",\"6\":\"TGGCGAAAGGGGGATGTGCTGCAAGGCGATTAAGTTGGGTAACGCCAGGGTTTTCCCAGTCACGACGTTGTAAAACGACGGCCAGTGAATTCTTAGCGAGAAGGGGTGCTTATCTAAAAGTAAGCCGCAGTGAAGAACGAGGGGGACTGTTTAACTAAAACACAACTCTATGCCAAACCGTAAGGTGATGTATATGGGGTGACACCTGCCCAGTGCTGGAAGGTTAAAGAAGGAGGTTAGCAATTTATTGCAAAGCTTTTAACTGAAGCCCCAGTGAACGGCGGCCGTAACTATAACGGTCCTAAGGTAGCGAAATTCCTAGTCGGGTAAATTCCGTCCCGCTTGAATGGTGTAACCATCTCTTGACTGTCTCGGCTATAGACTCGGTGAAATCCAGGTACGGGTGAAGACACCCGTTAGGCGCAACGGGACGGAAAGACCCCGTGAAGCTTTACTGTAGCTTAATATTGATCAAAACACCACCATGTAGAGAATAGGTAGGAGCAATTGATGCAAGTTCGCAAGGATTTGTTGATGTGGAATTCGAGCTCGGTACCCGGGGATCCTCTAGAGTCGACCTGCAGGCATGCAAGCTTGGCGTAATCATGGTCATAGCTGTTTCCTGTGTGAAATTGTTATCCGCTCACAATTCCACACAACATACGAGCCGGAAGCATAAAGTGTAAAGCCTGGGGTGCCTAATGAGTGAGCTAACTCACATTAATTGCGTTGCGCTCACTGCCCGCTTTCCAGTCGGGAAACCTGTCGTGCCAGCTGCATTAATGAATCGGCCAACGCGCGGGGAGAGGCGGTTTGCGTATTGGGCGCTCTTCCGCTTCCTCGCTCACTGACTCGCTGCGCTCGGTCGTTCGGCTGCGGCGAGCGGTATCAGCTCACTCAAAGGCGGTAATACGGTTATCCACAGAATCAGGGGATAACGCAGGAAAGAACATGTGAG\",\"7\":\"TTGTGAGCGGATAACAA\",\"8\":\"ATTCACTGGCCGTCGTTTTACAACGTCGTGACTGGGAAAACCCTGGCGTTACCCAACTTAATCGCCTTGCAGCACATCCCCCTTTCGCCAGCTGGCGTAATAGCGAAGAGGCCCGCACCGATCGCCCTTCCCAACAGTTGCGCAGCCTGAATGGCGAA\",\"9\":\"CTGGCTTAACTATGCGGCATCAGAGCAGATTGTACTGAGAGTGCACCATATGCGGTGTGAAATACCGCACAGATGCGTAAGGAGAAAATACCGCATCAGG\",\"10\":\"ATGAGTATTCAACATTTCCGTGTCGCCCTTATTCCCTTTTTTGCGGCATTTTGCCTTCCTGTTTTTGCTCACCCAGAAACGCTGGTGAAAGTAAAAGATGCTGAAGATCAGTTGGGTGCACGAGTGGGTTACATCGAACTGGATCTCAACAGCGGTAAGATCCTTGAGAGTTTTCGCCCCGAAGAACGTTTTCCAATGAT\",\"11\":\"AGTATTTGGTATCTGCGCTCTGCTGAAGCCAGTTACCTTCGGAAAAAGAGTTGGTAGCTCTTGATCCGGCAAACAAACCACCGCTGGTAGCGGTGGTTTTTTTGT\",\"12\":\"CTCACATGTTCTTTCCTGCGTTATCCCCTGATTCTGTGGATAACCGTATTACCGCCTTTGAGTGAGCTGATACCGCTCGCCGCAGCCGAACGACCGAGCGCAGCGAGTCAGTGAGCGAGGAAGCGGAAG\",\"13\":\"GTCTTCACCCGTACCTGGATTTCACCGAGTCTATAGCCGAGACAGTCAAGAGATGGTTACACCATTCAAGCGGGACGGAATTTACCCGACTAGGAATTTCGCTACCTTAGGACCGTTATAGTTACGGCCGCCGTTCACTGGGGCTTCAGTTAAAAGCTTTGCAATAAATTGCTAACCTCCTTCTTTAACCTTCCAGCACTGGGCAGGTGTCACCCCATATACATCACCTTACGGTTTGGCATAGAGTTGTGTTTT\",\"14\":\"TTGTGAGCGGATAACAATT\",\"15\":\"GCGCCCAATACGCAAACCGCCTCTCCCCGCGCGTTGGCCGATTCATTAATGCAGCTGGCACGACAGGTTTCCCGACTGGAAAGCGGGCAGTGA\",\"16\":\"CTCGCGCGTTTCGGTGATGACGGTGAAAACCTCTGA\",\"17\":\"GAGCGCAACGCAATTAATGTGAGTTAGCTCACTCATTAGGCACCCCAGGCTTTACACTTTATGCTTCCGGCTCGTATGTTGTGTGGAATTGTGAGC\"},\"length\":{\"0\":105,\"1\":589,\"2\":57,\"3\":31,\"4\":482,\"5\":22,\"6\":958,\"7\":17,\"8\":158,\"9\":100,\"10\":200,\"11\":105,\"12\":129,\"13\":255,\"14\":19,\"15\":93,\"16\":36,\"17\":96},\"slen\":{\"0\":105,\"1\":589,\"2\":57,\"3\":31,\"4\":795,\"5\":22,\"6\":818,\"7\":17,\"8\":174,\"9\":141,\"10\":861,\"11\":102,\"12\":750,\"13\":273,\"14\":45,\"15\":1083,\"16\":192,\"17\":939},\"pident\":{\"0\":100.0,\"1\":99.66,\"2\":100.0,\"3\":100.0,\"4\":99.378,\"5\":100.0,\"6\":100.0,\"7\":100.0,\"8\":100.0,\"9\":100.0,\"10\":100.0,\"11\":100.0,\"12\":95.349,\"13\":60.5,\"14\":100.0,\"15\":100.0,\"16\":100.0,\"17\":68.8},\"qlen\":{\"0\":2954,\"1\":2954,\"2\":2954,\"3\":2954,\"4\":2954,\"5\":2954,\"6\":2954,\"7\":2954,\"8\":2954,\"9\":2954,\"10\":2954,\"11\":2954,\"12\":2954,\"13\":2954,\"14\":2954,\"15\":2954,\"16\":2954,\"17\":2954},\"db\":{\"0\":\"snapgene\",\"1\":\"snapgene\",\"2\":\"snapgene\",\"3\":\"snapgene\",\"4\":\"snapgene\",\"5\":\"snapgene\",\"6\":\"Rfam\",\"7\":\"snapgene\",\"8\":\"snapgene\",\"9\":\"snapgene\",\"10\":\"snapgene\",\"11\":\"Rfam\",\"12\":\"snapgene\",\"13\":\"swissprot\",\"14\":\"snapgene\",\"15\":\"snapgene\",\"16\":\"snapgene\",\"17\":\"swissprot\"},\"Feature\":{\"0\":\"AmpR promoter\",\"1\":\"ori\",\"2\":\"MCS\",\"3\":\"lac promoter\",\"4\":\"bla(M)\",\"5\":\"CAP binding site\",\"6\":\"LSU rRNA archaea\",\"7\":\"lac operator\",\"8\":\"lacZ\\u03b1\",\"9\":\"bom\",\"10\":\"AmpR\",\"11\":\"RNAI\",\"12\":\"RSF ori\",\"13\":\"YCX91_PHAAO\",\"14\":\"T5 promoter\",\"15\":\"lacI\",\"16\":\"rop\",\"17\":\"penA\"},\"Description\":{\"0\":\"bla\",\"1\":\"high-copy-number ColE1\\/pMB1\\/pBR322\\/pUC origin of replication \",\"2\":\"pUC18\\/19 multiple cloning site\",\"3\":\"promoter for the E. coli lac operon\",\"4\":\"\\u03b2-lactamase lacking the signal sequence; bla(M); allows cytosolic expression of \\u03b2-lactamase\",\"5\":\"CAP binding activates transcription in the presence of cAMP. E. coli catabolite activator protein\",\"6\":\"Accession: RF02540 - Archaeal large subunit ribosomal RNA\",\"7\":\"The lac repressor binds to the lac operator to inhibit transcription in E. coli. This inhibition can be relieved by adding lactose or isopropyl-\\u03b2-D-thiogalactopyranoside (IPTG). lac repressor encoded by lacI\",\"8\":\"LacZ\\u03b1 fragment of \\u03b2-galactosidase; lacZ fragment\",\"9\":\"basis of mobility 